time,device_id,temperature_1,temperature_2,temperature_3,humidity,light_cycle_duration,temp_change_1,temp_change_2,temp_change_3,humidity_change
2024-07-25T08:28:19.384086858Z,eui-a8610a343237920e,7.3,8.1,4.2,79.5,,,,,
2024-07-25T08:30:40.461795695Z,eui-a8610a343237920e,7.6,8.1,4.4,79.5,,,,,
2024-07-25T09:04:46.012876964Z,eui-a8610a343237920e,8.2,9.2,4.9,80,,,,,
2024-07-25T09:10:57.261414298Z,eui-a8610a343237920e,8.5,9.2,5.3,80,,,,,
2024-07-25T09:34:50.191522629Z,eui-a8610a343237920e,8.9,9.4,5.6,79.5,,,,,
2024-07-25T09:51:02.748563523Z,eui-a8610a343237920e,7,9.7,4,76,,,,,
2024-07-25T10:28:36.724263379Z,eui-a8610a343237920e,7.3,8.4,2.6,87.5,,,,,
2024-07-25T10:36:17.117138133Z,eui-a8610a343237920e,7.3,8.4,2.2,87.5,,,,,
2024-07-25T11:12:33.472027405Z,eui-a8610a343237920e,7.3,7.8,1.6,87.5,,,,,
2024-07-25T11:41:20.400962541Z,eui-a8610a343237920e,7.1,8.1,3.9,74,,,,,
2024-07-25T11:51:22.993170228Z,eui-a8610a343237920e,7.4,8.1,4.2,75,,,,,
2024-07-25T12:28:55.887500768Z,eui-a8610a343237920e,9.3,9.8,5.5,99.5,21,2.6,,0.9,23.5
2024-07-25T12:55:09.798238877Z,eui-a8610a343237920e,8.9,9.4,4,86.5,,,,,
2024-07-25T13:05:11.330287041Z,eui-a8610a343237920e,8.9,9.4,3.3,86.5,,,,,
2024-07-25T13:11:22.677731572Z,eui-a8610a343237920e,8.9,8.9,2.8,86.5,,,,,
2024-07-25T13:32:28.898872057Z,eui-a8610a343237920e,8.7,10.8,3.7,99.5,11,,,,
2024-07-25T13:42:54.794411248Z,eui-a8610a343237920e,6.6,9.5,3,99.5,,,,,
2024-07-25T13:52:28.691309663Z,eui-a8610a343237920e,10.9,10.2,3.7,97,10,,,,
2024-07-25T14:02:29.673569518Z,eui-a8610a343237920e,7.1,9.1,2.7,91.5,,,,,
2024-07-25T14:12:30.66005829Z,eui-a8610a343237920e,7.1,9,2.4,91.5,,,,,
2024-07-25T14:32:16.490335298Z,eui-a8610a343237920e,7.1,8.5,2.2,91.5,,,,,
2024-07-25T14:39:56.862911243Z,eui-a8610a343237920e,7.1,8.3,2,91.5,,,,,
2024-07-25T14:47:37.303085563Z,eui-a8610a343237920e,7.1,8.1,1.9,91.5,,,,,
2024-07-25T14:52:45.899915195Z,eui-a8610a343237920e,7.1,8.2,2.7,91.5,,,,,
2024-07-25T15:06:25.124172063Z,eui-a8610a343237920e,7.1,8.4,3.6,91.5,,,,,
2024-07-25T15:16:26.079691973Z,eui-a8610a343237920e,7.1,8.4,4,91.5,,,,,
2024-07-25T15:22:47.796166311Z,eui-a8610a343237920e,7.1,8.4,4.3,91.5,,,,,
2024-07-25T15:32:48.684613077Z,eui-a8610a343237920e,7.1,8.4,4.6,91.5,,,,,
2024-07-25T15:42:38.503095176Z,eui-a8610a343237920e,7.1,8.4,4.8,91.5,,,,,
2024-07-25T15:52:47.260872192Z,eui-a8610a343237920e,7.1,8.4,5.1,91.5,,,,,
2024-07-25T16:04:43.473433947Z,eui-a8610a343237920e,10.7,11.4,6.2,99.5,,,,,
2024-07-25T17:12:53.974720414Z,eui-a8610a343237920e,7.9,9,2.6,86,,,,,
2024-07-25T18:10:37.177098409Z,eui-a8610a343237920e,7.9,8.5,2,86,,,,,
2024-07-25T18:18:18.578455704Z,eui-a8610a343237920e,7.9,8.5,1.9,86,,,,,
2024-07-25T18:34:17.438538645Z,eui-a8610a343237920e,7.9,8.4,1.8,86,,,,,
2024-07-25T18:46:37.062544608Z,eui-a8610a343237920e,7.9,8.4,1.8,86,,,,,
2024-07-25T18:52:46.927958473Z,eui-a8610a343237920e,7.9,8.2,1.7,86,,,,,
2024-07-25T19:02:46.95478669Z,eui-a8610a343237920e,7.9,8.1,1.6,86,,,,,
2024-07-25T19:16:37.204432625Z,eui-a8610a343237920e,7.9,7.9,1.4,86,,,,,
2024-07-25T19:22:57.048496591Z,eui-a8610a343237920e,7.9,7.8,1.4,86,,,,,
2024-07-25T19:36:48.311139293Z,eui-a8610a343237920e,7.9,7.7,1.3,86,,,,,
2024-07-25T19:42:58.153469791Z,eui-a8610a343237920e,7.9,7.5,1.2,86,,,,,
2024-07-25T19:52:47.224280504Z,eui-a8610a343237920e,7.9,7.6,1.8,86,,,,,
2024-07-25T20:10:27.66715809Z,eui-a8610a343237920e,7.9,7.9,2.9,86,,,,,
2024-07-25T20:14:17.851867647Z,eui-a8610a343237920e,7.9,8.1,3.4,86,,,,,
2024-07-25T20:22:48.193621741Z,eui-a8610a343237920e,7.9,8.3,3.8,86,,,,,
2024-07-25T20:32:49.159583695Z,eui-a8610a343237920e,7.9,8.5,4,86,,,,,
2024-07-25T21:02:51.805085526Z,eui-a8610a343237920e,7.9,9.1,4.7,86,,,,,
2024-07-25T21:16:53.854029944Z,eui-a8610a343237920e,7.9,9.2,4.8,86,,,,,
2024-07-25T21:23:04.425284187Z,eui-a8610a343237920e,7.9,9.2,5,86,,,,,
2024-07-25T21:40:34.618403769Z,eui-a8610a343237920e,7.9,9.6,5.2,86,,,,,
2024-07-25T21:44:24.830061981Z,eui-a8610a343237920e,7.9,9.6,5.4,86,,,,,
2024-07-25T21:52:55.789226946Z,eui-a8610a343237920e,7.9,9.3,4.2,86,,,,,
2024-07-25T22:02:56.690457053Z,eui-a8610a343237920e,7.9,8.9,3.3,86,,,,,
2024-07-25T22:16:56.86688375Z,eui-a8610a343237920e,7.9,8.6,2.7,86,,,,,
2024-07-25T22:23:07.565320231Z,eui-a8610a343237920e,7.9,8.3,2.4,86,,,,,
2024-07-25T22:43:08.542535328Z,eui-a8610a343237920e,7.9,7.9,1.6,86,,,,,
2024-07-25T23:12:57.2310712Z,eui-a8610a343237920e,7.4,10.1,3,89.5,,,,,
2024-07-25T23:23:06.097453853Z,eui-a8610a343237920e,6.9,9.4,2.7,83.5,,,,,
2024-07-25T23:33:07.022013142Z,eui-a8610a343237920e,6.9,9.4,2.3,83.5,,,,,
2024-07-25T23:42:58.954073159Z,eui-a8610a343237920e,6.9,8.6,2,83.5,,,,,
2024-07-25T23:52:59.954834918Z,eui-a8610a343237920e,6.9,8.3,1.9,83.5,,,,,
2024-07-26T00:03:09.961204754Z,eui-a8610a343237920e,6.9,8,1.7,83.5,,,,,
2024-07-26T00:12:59.921310411Z,eui-a8610a343237920e,6.9,7.9,1.6,83.5,,,,,
2024-07-26T00:22:59.957483382Z,eui-a8610a343237920e,6.9,7.7,1.5,83.5,,,,,
2024-07-26T00:33:10.992952188Z,eui-a8610a343237920e,6.9,7.6,1.4,83.5,,,,,
2024-07-26T00:43:00.104726466Z,eui-a8610a343237920e,6.9,7.5,1.4,83.5,,,,,
2024-07-26T00:52:59.500082972Z,eui-a8610a343237920e,6.9,7.4,1.4,83.5,,,,,
2024-07-26T01:02:59.623395956Z,eui-a8610a343237920e,6.9,7.3,1.3,83.5,,,,,
2024-07-26T01:12:59.729969479Z,eui-a8610a343237920e,6.9,7.2,1.3,83.5,,,,,
2024-07-26T01:22:59.84182258Z,eui-a8610a343237920e,6.9,7.1,1.2,83.5,,,,,
2024-07-26T01:33:08.938180035Z,eui-a8610a343237920e,6.9,7.1,1.1,83.5,,,,,
2024-07-26T01:43:00.130543225Z,eui-a8610a343237920e,6.9,7,1.1,83.5,,,,,
2024-07-26T01:53:00.341197039Z,eui-a8610a343237920e,6.9,7,1,83.5,,,,,
2024-07-26T02:03:43.359989393Z,eui-a8610a343237920e,6.9,6.9,1,83.5,,,,,
2024-07-26T02:13:14.326544488Z,eui-a8610a343237920e,6.9,7,1.3,83.5,,,,,
2024-07-26T02:23:02.305675171Z,eui-a8610a343237920e,6.9,7.4,2.4,83.5,,,,,
2024-07-26T02:33:11.684016427Z,eui-a8610a343237920e,6.9,7.8,3.1,83.5,,,,,
2024-07-26T02:43:02.619059419Z,eui-a8610a343237920e,6.9,8.1,3.6,83.5,,,,,
2024-07-26T02:54:01.85702603Z,eui-a8610a343237920e,6.9,8.4,3.8,83.5,,,,,
2024-07-26T03:03:04.485603299Z,eui-a8610a343237920e,6.9,8.6,4,83.5,,,,,
2024-07-26T03:13:47.581144451Z,eui-a8610a343237920e,6.9,8.8,4.3,83.5,,,,,
2024-07-26T03:23:07.942934829Z,eui-a8610a343237920e,6.9,9,4.4,83.5,,,,,
2024-07-26T03:36:58.991944914Z,eui-a8610a343237920e,6.9,9.3,4.6,83.5,,,,,
2024-07-26T03:43:09.539650245Z,eui-a8610a343237920e,6.9,9.4,4.8,83.5,,,,,
2024-07-26T03:53:10.312158656Z,eui-a8610a343237920e,6.9,9.7,5,83.5,,,,,
2024-07-26T04:03:09.235798238Z,eui-a8610a343237920e,6.9,9.9,5.2,83.5,,,,,
2024-07-26T04:13:10.009000987Z,eui-a8610a343237920e,6.9,9.8,4.5,83.5,,,,,
2024-07-26T04:23:18.817815558Z,eui-a8610a343237920e,6.9,9.4,3.5,83.5,,,,,
2024-07-26T04:33:53.868652845Z,eui-a8610a343237920e,6.9,9.1,2.8,83.5,,,,,
2024-07-26T04:43:13.267136439Z,eui-a8610a343237920e,6.9,8.9,2.4,83.5,,,,,
2024-07-26T04:57:03.382324848Z,eui-a8610a343237920e,6.9,8.7,2.2,83.5,,,,,
2024-07-26T05:03:13.094508185Z,eui-a8610a343237920e,6.9,8.6,2,83.5,,,,,
2024-07-26T05:17:14.289722406Z,eui-a8610a343237920e,6.9,8.4,1.8,83.5,,,,,
2024-07-26T05:27:03.22889885Z,eui-a8610a343237920e,6.9,8.3,1.7,83.5,,,,,
2024-07-26T05:40:53.47845775Z,eui-a8610a343237920e,6.9,8.2,1.6,83.5,,,,,
2024-07-26T05:47:03.32908164Z,eui-a8610a343237920e,6.9,8.1,1.5,83.5,,,,,
2024-07-26T05:53:24.220781016Z,eui-a8610a343237920e,6.9,8,1.4,83.5,,,,,
2024-07-26T06:03:23.277817945Z,eui-a8610a343237920e,6.9,7.9,1.3,83.5,,,,,
2024-07-26T06:17:03.534130261Z,eui-a8610a343237920e,6.9,7.9,1.2,83.5,,,,,
2024-07-26T06:23:13.321558268Z,eui-a8610a343237920e,6.9,7.8,1.1,83.5,,,,,
2024-07-26T06:33:13.397781361Z,eui-a8610a343237920e,6.9,7.7,1,83.5,,,,,
2024-07-26T06:43:13.413578387Z,eui-a8610a343237920e,6.9,7.6,1,83.5,,,,,
2024-07-26T07:01:05.86480983Z,eui-a8610a343237920e,6.9,7.6,0.9,83.5,,,,,
2024-07-26T07:04:44.048707531Z,eui-a8610a343237920e,6.9,7.5,0.8,83.5,,,,,
2024-07-26T07:33:26.618370813Z,eui-a8610a343237920e,6.9,7.3,0.7,83.5,,,,,
2024-07-26T07:43:16.709970827Z,eui-a8610a343237920e,6.9,7.3,0.7,83.5,,,,,
2024-07-26T07:57:07.033439956Z,eui-a8610a343237920e,6.9,7.2,0.6,83.5,,,,,
2024-07-26T08:07:07.087537258Z,eui-a8610a343237920e,6.9,7.2,0.6,83.5,,,,,
2024-07-26T08:13:26.980849633Z,eui-a8610a343237920e,6.9,7.2,0.6,83.5,,,,,
2024-07-26T08:23:17.078002021Z,eui-a8610a343237920e,6.9,7.2,0.5,83.5,,,,,
2024-07-26T08:33:27.178845419Z,eui-a8610a343237920e,6.9,7.2,0.5,83.5,,,,,
2024-07-26T08:43:17.279301108Z,eui-a8610a343237920e,6.9,7.2,0.5,83.5,,,,,
2024-07-26T08:53:17.419616772Z,eui-a8610a343237920e,6.9,7.1,0.4,83.5,,,,,
2024-07-26T09:03:17.491012513Z,eui-a8610a343237920e,6.9,7.1,0.4,83.5,,,,,
2024-07-26T09:13:29.574521692Z,eui-a8610a343237920e,6.9,7.1,0.4,83.5,,,,,
2024-07-26T09:23:17.641402472Z,eui-a8610a343237920e,6.9,7,0.3,83.5,,,,,
2024-07-26T09:33:17.784106057Z,eui-a8610a343237920e,6.9,7,0.3,83.5,,,,,
2024-07-26T09:43:16.798880962Z,eui-a8610a343237920e,6.9,7,0.3,83.5,,,,,
2024-07-26T09:59:11.541108229Z,eui-a8610a343237920e,6.9,7,0.2,83.5,,,,,
2024-07-26T10:03:28.136041136Z,eui-a8610a343237920e,6.9,6.9,0.2,83.5,,,,,
2024-07-26T10:13:18.294815562Z,eui-a8610a343237920e,6.9,6.9,0.2,83.5,,,,,
2024-07-26T10:23:18.380913082Z,eui-a8610a343237920e,6.9,6.9,0.2,83.5,,,,,
2024-07-26T10:33:18.468613709Z,eui-a8610a343237920e,6.9,6.8,0.1,83.5,,,,,
2024-07-26T10:47:19.763129043Z,eui-a8610a343237920e,6.9,6.8,0.1,83.5,,,,,
2024-07-26T10:53:28.647575388Z,eui-a8610a343237920e,6.9,6.8,0.1,83.5,,,,,
2024-07-26T11:03:18.812102845Z,eui-a8610a343237920e,6.9,6.8,0.1,83.5,,,,,
2024-07-26T11:17:09.176237203Z,eui-a8610a343237920e,6.9,6.9,0.4,83.5,,,,,
2024-07-26T11:23:19.018963169Z,eui-a8610a343237920e,6.9,7.3,1.7,83.5,,,,,
2024-07-26T11:33:19.07114248Z,eui-a8610a343237920e,6.9,7.7,2.6,83.5,,,,,
2024-07-26T11:51:10.436469534Z,eui-a8610a343237920e,6.9,8,3.1,83.5,,,,,
2024-07-26T12:06:31.283152587Z,eui-a8610a343237920e,6.9,8.3,3.3,83.5,,,,,
2024-07-26T12:13:20.694707585Z,eui-a8610a343237920e,6.9,8.7,3.6,83.5,,,,,
2024-07-26T12:23:20.593365746Z,eui-a8610a343237920e,6.9,8.9,3.8,83.5,,,,,
2024-07-26T12:33:31.497274386Z,eui-a8610a343237920e,6.9,9.1,4,83.5,,,,,
2024-07-26T12:43:20.265951601Z,eui-a8610a343237920e,6.9,9.3,4.2,83.5,,,,,
2024-07-26T12:57:11.315552142Z,eui-a8610a343237920e,6.9,9.6,4.4,83.5,,,,,
2024-07-26T13:11:02.430978364Z,eui-a8610a343237920e,6.9,9.8,4.5,83.5,,,,,
2024-07-26T13:18:42.804373608Z,eui-a8610a343237920e,6.9,10,4.7,83.5,,,,,
2024-07-26T13:23:23.592384551Z,eui-a8610a343237920e,6.9,9.8,4.1,83.5,,,,,
2024-07-26T13:37:24.624698885Z,eui-a8610a343237920e,6.9,9.8,4.5,83.5,,,,,
2024-07-26T13:43:34.103309284Z,eui-a8610a343237920e,6.9,10.1,4.7,83.5,,,,,
2024-07-26T14:04:54.462363014Z,eui-a8610a343237920e,6.9,10.2,4.9,83.5,,,,,
2024-07-26T14:21:03.752327813Z,eui-a8610a343237920e,6.9,9.4,3.1,83.5,,,,,
2024-07-26T14:32:34.351067035Z,eui-a8610a343237920e,6.9,9.2,2.7,83.5,,,,,
2024-07-26T14:40:14.73193711Z,eui-a8610a343237920e,6.9,9,2.3,83.5,,,,,
2024-07-26T14:47:55.137410536Z,eui-a8610a343237920e,6.9,8.8,2.1,83.5,,,,,
2024-07-26T15:05:06.647306483Z,eui-a8610a343237920e,6.9,8.6,1.9,83.5,,,,,
2024-07-26T16:05:09.243372515Z,eui-a8610a343237920e,6.9,8.1,1.4,83.5,,,,,
2024-07-26T16:17:29.742093366Z,eui-a8610a343237920e,6.9,8.1,1.3,83.5,,,,,
2024-07-26T16:51:07.699986465Z,eui-a8610a343237920e,8.4,11.8,2.9,74,13,,,,
2024-07-26T17:02:38.293745665Z,eui-a8610a343237920e,9,12.6,3.1,71,34,,,,
2024-07-26T17:43:42.319634852Z,eui-a8610a343237920e,9,8.9,1.8,71,,,,,
2024-07-26T17:53:32.324212302Z,eui-a8610a343237920e,9,8.7,1.7,71,,,,,
2024-07-26T18:07:22.51597347Z,eui-a8610a343237920e,9,8.5,1.6,71,,,,,
2024-07-26T18:13:32.281911466Z,eui-a8610a343237920e,9,8.4,1.5,71,,,,,
2024-07-26T18:41:13.652355071Z,eui-a8610a343237920e,9,8.2,1.4,71,,,,,
2024-07-26T18:48:54.046834252Z,eui-a8610a343237920e,9,8.1,1.3,71,,,,,
2024-07-26T19:05:04.933584305Z,eui-a8610a343237920e,9,8.1,1.3,71,,,,,
2024-07-26T19:17:25.607199515Z,eui-a8610a343237920e,9,8,1.2,71,,,,,
2024-07-26T19:27:35.672195573Z,eui-a8610a343237920e,9,7.9,1.1,71,,,,,
2024-07-26T19:45:06.161454194Z,eui-a8610a343237920e,9,7.9,1.1,71,,,,,
2024-07-26T19:53:47.716578746Z,eui-a8610a343237920e,9,7.7,1,71,,,,,
2024-07-26T20:03:36.769401824Z,eui-a8610a343237920e,9,7.7,0.9,71,,,,,
2024-07-26T20:27:28.092623678Z,eui-a8610a343237920e,9,7.6,0.8,71,,,,,
2024-07-26T20:41:30.426351483Z,eui-a8610a343237920e,9,7.5,0.8,71,,,,,
2024-07-26T20:45:20.587194672Z,eui-a8610a343237920e,9,7.5,0.8,71,,,,,
2024-07-26T20:53:51.174570595Z,eui-a8610a343237920e,9,7.5,1,71,,,,,
2024-07-26T21:03:41.23881403Z,eui-a8610a343237920e,9,7.9,2.3,71,,,,,
2024-07-26T21:13:51.22118065Z,eui-a8610a343237920e,9,8.3,3.1,71,,,,,
2024-07-26T21:33:51.966015774Z,eui-a8610a343237920e,9,8.8,3.8,71,,,,,
2024-07-26T21:43:42.825225469Z,eui-a8610a343237920e,8.4,9.9,4.3,75,17,,,,
2024-07-26T21:53:43.633478155Z,eui-a8610a343237920e,8.4,9.9,4.5,72.5,,,,,
2024-07-26T22:27:46.895811783Z,eui-a8610a343237920e,8.4,10.2,4.9,72.5,,,,,
2024-07-26T22:33:57.374076075Z,eui-a8610a343237920e,8.4,10.3,4.9,72.5,,,,,
2024-07-26T22:43:47.032347505Z,eui-a8610a343237920e,8.4,10.2,4.6,72.5,,,,,
2024-07-26T23:05:28.458298389Z,eui-a8610a343237920e,8.3,10.7,3.8,81.5,10,,0.3,,
2024-07-27T01:01:47.385015057Z,eui-a8610a343237920e,8.2,7.9,1.2,78,,,,,
2024-07-27T01:09:28.780285477Z,eui-a8610a343237920e,8.2,7.9,1.1,78,,,,,
2024-07-27T01:41:39.653460509Z,eui-a8610a343237920e,8.2,7.7,0.9,78,,,,,
2024-07-27T01:57:00.574955859Z,eui-a8610a343237920e,8.2,7.7,0.9,78,,,,,
2024-07-27T02:51:56.963492561Z,eui-a8610a343237920e,8.2,7.4,0.6,78,,,,,
2024-07-27T03:14:07.917727075Z,eui-a8610a343237920e,8.2,7.3,0.5,78,,,,,
2024-07-27T03:27:59.29401544Z,eui-a8610a343237920e,8.2,7.3,0.4,78,,,,,
2024-07-27T03:41:49.617221697Z,eui-a8610a343237920e,8.2,7.3,0.4,78,,,,,
2024-07-27T04:12:01.996649299Z,eui-a8610a343237920e,8.2,7.2,0.3,78,,,,,
2024-07-27T04:27:22.82972115Z,eui-a8610a343237920e,8.2,7.2,0.3,78,,,,,
2024-07-27T04:54:26.376038551Z,eui-a8610a343237920e,8.2,7.1,0.2,78,,,,,
2024-07-28T06:54:44.385049169Z,eui-a8610a343237920e,11.7,13.1,6,74,30,,0.1,,
2024-07-28T07:05:44.166324893Z,eui-a8610a343237920e,10.3,12.9,4.5,72,,,,,
2024-07-28T07:14:36.919662922Z,eui-a8610a343237920e,10.3,11.5,3.6,72,,,,,
2024-07-28T07:24:37.736517879Z,eui-a8610a343237920e,10.3,10.8,3,72,,,,,
2024-07-28T07:34:37.596198026Z,eui-a8610a343237920e,10.3,10.4,2.6,72,,,,,
2024-07-28T07:44:37.53433617Z,eui-a8610a343237920e,10.3,10,2.4,72,,,,,
2024-07-28T07:54:37.515341224Z,eui-a8610a343237920e,10.3,9.7,2.2,72,,,,,
2024-07-28T08:04:37.554890829Z,eui-a8610a343237920e,10.3,9.5,2.1,72,,,,,
2024-07-28T08:14:37.540954093Z,eui-a8610a343237920e,10.3,9.3,2,72,,,,,
2024-07-28T08:25:35.848608694Z,eui-a8610a343237920e,10.3,9.2,1.9,72,,,,,
2024-07-28T08:34:38.262615896Z,eui-a8610a343237920e,10.3,9.1,1.8,72,,,,,
2024-07-28T08:46:53.67640023Z,eui-a8610a343237920e,10.3,9,1.7,72,,,,,
2024-07-28T08:54:49.377429146Z,eui-a8610a343237920e,10.3,9,1.7,72,,,,,
2024-07-28T09:04:39.461292979Z,eui-a8610a343237920e,10.3,8.9,1.6,72,,,,,
2024-07-28T09:34:51.603697503Z,eui-a8610a343237920e,10.3,8.8,1.5,72,,,,,
2024-07-28T09:48:31.942173609Z,eui-a8610a343237920e,10.3,8.7,1.4,72,,,,,
2024-07-28T09:58:42.007877432Z,eui-a8610a343237920e,10.3,8.7,1.4,72,,,,,
2024-07-28T10:08:44.077680363Z,eui-a8610a343237920e,10.3,8.7,1.3,72,,,,,
2024-07-28T10:18:43.163456336Z,eui-a8610a343237920e,10.3,8.7,1.3,72,,,,,
2024-07-28T10:36:24.641105343Z,eui-a8610a343237920e,10.3,8.6,1.3,72,,,,,
2024-07-28T10:52:34.601681183Z,eui-a8610a343237920e,10.3,8.6,1.2,72,,,,,
2024-07-28T11:14:45.361628358Z,eui-a8610a343237920e,10.3,8.5,1.1,72,,,,,
2024-07-28T11:32:37.906511394Z,eui-a8610a343237920e,10.3,8.4,1.1,72,,,,,
2024-07-28T11:40:18.283493967Z,eui-a8610a343237920e,10.3,8.4,1,72,,,,,
2024-07-28T11:48:37.805984694Z,eui-a8610a343237920e,10.3,8.4,1,72,,,,,
2024-07-28T11:58:48.892138807Z,eui-a8610a343237920e,10.3,8.4,1,72,,,,,
2024-07-28T12:04:58.7251002Z,eui-a8610a343237920e,10.3,8.4,0.9,72,,,,,
2024-07-28T12:18:38.05203229Z,eui-a8610a343237920e,10.3,8.3,0.9,72,,,,,
2024-07-28T12:28:38.079112022Z,eui-a8610a343237920e,10.3,8.3,0.9,72,,,,,
2024-07-28T12:38:50.171978057Z,eui-a8610a343237920e,10.3,8.3,0.9,72,,,,,
2024-07-28T12:48:49.228568385Z,eui-a8610a343237920e,10.3,8.3,0.8,72,,,,,
2024-07-28T12:55:00.238284198Z,eui-a8610a343237920e,10.3,8.3,0.9,72,,,,,
2024-07-28T13:04:48.222185161Z,eui-a8610a343237920e,10.3,8.2,0.8,72,,,,,
2024-07-28T13:18:38.569634927Z,eui-a8610a343237920e,10.3,8.2,0.8,72,,,,,
2024-07-28T13:32:28.886104912Z,eui-a8610a343237920e,10.3,8.2,0.8,72,,,,,
2024-07-28T13:36:19.073607833Z,eui-a8610a343237920e,10.3,8.2,0.8,72,,,,,
2024-07-28T13:48:38.951164063Z,eui-a8610a343237920e,10.3,8.2,0.8,72,,,,,
2024-07-28T13:55:00.797552913Z,eui-a8610a343237920e,10.3,8.2,0.7,72,,,,,
2024-07-28T14:08:39.133848018Z,eui-a8610a343237920e,10.3,8.3,1.3,72,,,,,
2024-07-28T14:18:39.205986957Z,eui-a8610a343237920e,10.3,8.7,2.6,72,,,,,
2024-07-28T14:36:30.668630781Z,eui-a8610a343237920e,10.3,9.2,3.4,72,,,,,
2024-07-28T14:48:50.226658251Z,eui-a8610a343237920e,10.3,9.8,4,72,,,,,
2024-07-28T15:02:41.332383267Z,eui-a8610a343237920e,9.6,10.6,4.7,73.5,8,,0.6,,
2024-07-28T15:06:31.54087678Z,eui-a8610a343237920e,10.5,10.6,5.2,71.5,22,,,,
2024-07-28T15:26:33.132653416Z,eui-a8610a343237920e,10.3,11.6,5.1,68.5,,,,,
2024-07-28T15:55:02.401117369Z,eui-a8610a343237920e,10.3,10.7,3.3,68.5,,,,,
2024-07-28T16:04:53.249810947Z,eui-a8610a343237920e,16.8,16.4,8.6,76,68,,,,
2024-07-28T16:18:43.051129018Z,eui-a8610a343237920e,14.7,14,4.9,68.5,19,,,,
2024-07-28T16:32:33.973007447Z,eui-a8610a343237920e,14.7,12.8,4,68.5,,,,,
2024-07-28T17:02:45.448592353Z,eui-a8610a343237920e,14.7,10.8,3.1,68.5,,,,,
2024-07-28T17:36:27.444738851Z,eui-a8610a343237920e,14.7,9.9,2.8,68.5,,,,,
2024-07-28T17:45:09.937593195Z,eui-a8610a343237920e,14.7,9.6,2.5,68.5,,,,,
2024-07-28T17:58:49.141196817Z,eui-a8610a343237920e,14.7,9.5,2.4,68.5,,,,,
2024-07-28T18:04:58.957453138Z,eui-a8610a343237920e,14.7,9.4,2.4,68.5,,,,,
2024-07-28T18:18:49.251654046Z,eui-a8610a343237920e,14.7,9.3,2.3,68.5,,,,,
2024-07-28T18:24:59.112894272Z,eui-a8610a343237920e,14.7,9.2,2.2,68.5,,,,,
2024-07-28T18:34:59.205955614Z,eui-a8610a343237920e,14.7,9.1,2.2,68.5,,,,,
2024-07-28T19:05:11.420967992Z,eui-a8610a343237920e,14.7,9,2,68.5,,,,,
2024-07-28T19:18:51.78223096Z,eui-a8610a343237920e,14.7,8.9,2,68.5,,,,,
2024-07-28T19:29:01.882901452Z,eui-a8610a343237920e,14.7,8.8,2,68.5,,,,,
2024-07-28T19:55:12.734520963Z,eui-a8610a343237920e,7.5,9.1,2,72,,,,,
2024-07-28T20:05:03.901899692Z,eui-a8610a343237920e,7.5,9,1.9,72,,,,,
2024-07-28T20:26:34.619238041Z,eui-a8610a343237920e,7.5,8.9,1.8,72,,,,,
2024-07-28T20:35:04.03273785Z,eui-a8610a343237920e,8.5,11.4,3.5,81,12,,,,
2024-07-28T20:49:07.263945471Z,eui-a8610a343237920e,8.5,10.3,3,81,,,,,
2024-07-28T20:55:05.024276502Z,eui-a8610a343237920e,8.5,9.9,2.9,81,,,,,
2024-07-28T21:12:56.440315531Z,eui-a8610a343237920e,8.5,9.7,2.8,81,,,,,
2024-07-28T21:16:47.617593534Z,eui-a8610a343237920e,8.5,9.5,2.7,81,,,,,
2024-07-28T21:25:16.076560747Z,eui-a8610a343237920e,8.5,9.4,2.7,81,,,,,
2024-07-28T21:35:06.012017767Z,eui-a8610a343237920e,8.5,9.3,2.6,81,,,,,
2024-07-28T21:49:07.266095026Z,eui-a8610a343237920e,8.5,9.2,2.5,81,,,,,
2024-07-28T22:02:46.495250581Z,eui-a8610a343237920e,8.5,9.2,2.5,81,,,,,
2024-07-28T22:06:36.669998024Z,eui-a8610a343237920e,8.5,9.1,2.5,81,,,,,
2024-07-28T22:22:46.568318006Z,eui-a8610a343237920e,8.5,9,2.4,81,,,,,
2024-07-28T22:30:26.938986019Z,eui-a8610a343237920e,8.5,9,2.4,81,,,,,
2024-07-28T22:35:06.162969072Z,eui-a8610a343237920e,8.5,9,2.3,81,,,,,
2024-07-28T23:12:58.507347304Z,eui-a8610a343237920e,8.5,9.9,4.6,81,,,,,
2024-07-28T23:20:38.907393163Z,eui-a8610a343237920e,8.5,10.1,4.9,81,,,,,
2024-07-28T23:25:08.981518589Z,eui-a8610a343237920e,8.5,10.4,5.1,81,,,,,
2024-07-28T23:35:08.884062472Z,eui-a8610a343237920e,8.5,10.7,5.4,81,,,,,
2024-07-28T23:45:07.639538136Z,eui-a8610a343237920e,8.5,10.9,5.7,81,,,,,
2024-07-28T23:57:11.849519557Z,eui-a8610a343237920e,8.5,11.1,6,81,,,,,
2024-07-29T00:05:07.159126746Z,eui-a8610a343237920e,8.5,11.4,6.2,81,,,,,
2024-07-29T00:15:06.790700952Z,eui-a8610a343237920e,8.5,11.6,6.3,81,,,,,
2024-07-29T00:25:06.518229902Z,eui-a8610a343237920e,8.5,11.1,4.9,81,,,,,
2024-07-29T00:35:06.32394771Z,eui-a8610a343237920e,8.5,10.6,4.1,81,,,,,
2024-07-29T00:45:06.157237718Z,eui-a8610a343237920e,8.5,10.3,3.6,81,,,,,
2024-07-29T00:57:10.504902824Z,eui-a8610a343237920e,8.5,9.9,3.3,81,,,,,
2024-07-29T01:05:07.11601791Z,eui-a8610a343237920e,8.5,9.7,3,81,,,,,
2024-07-29T01:22:47.542749915Z,eui-a8610a343237920e,8.5,9.4,2.8,81,,,,,
2024-07-29T01:26:37.705009547Z,eui-a8610a343237920e,8.5,9.3,2.6,81,,,,,
2024-07-29T01:35:07.083450301Z,eui-a8610a343237920e,8.5,9.1,2.5,81,,,,,
2024-07-29T01:45:07.029173524Z,eui-a8610a343237920e,8.5,9,2.3,81,,,,,
2024-07-29T02:02:59.439975087Z,eui-a8610a343237920e,8.5,8.9,2.3,81,,,,,
2024-07-29T02:06:49.63974949Z,eui-a8610a343237920e,8.5,8.8,2.2,81,,,,,
2024-07-29T02:26:48.621979771Z,eui-a8610a343237920e,8.5,8.7,2.1,81,,,,,
2024-07-29T02:46:37.624654872Z,eui-a8610a343237920e,8.5,8.6,1.9,81,,,,,
2024-07-29T02:55:07.027262673Z,eui-a8610a343237920e,8.5,8.4,1.8,81,,,,,
2024-07-29T03:05:07.127463833Z,eui-a8610a343237920e,8.5,8.4,1.7,81,,,,,
2024-07-29T03:19:08.399744753Z,eui-a8610a343237920e,8.5,8.3,1.7,81,,,,,
2024-07-29T03:29:09.454692063Z,eui-a8610a343237920e,8.5,8.3,1.6,81,,,,,
2024-07-29T03:35:17.267975109Z,eui-a8610a343237920e,8.5,8.2,1.5,81,,,,,
2024-07-29T03:45:07.301359268Z,eui-a8610a343237920e,8.5,8.1,1.5,81,,,,,
2024-07-29T03:59:08.56984297Z,eui-a8610a343237920e,8.5,8.1,1.4,81,,,,,
2024-07-29T04:05:19.398613221Z,eui-a8610a343237920e,8.5,8,1.4,81,,,,,
2024-07-29T04:15:19.567497074Z,eui-a8610a343237920e,8.5,8,1.4,81,,,,,
2024-07-29T04:56:39.327975044Z,eui-a8610a343237920e,8.5,8,1.2,81,,,,,
2024-07-29T05:05:22.049225997Z,eui-a8610a343237920e,8.5,7.9,1.1,81,,,,,
2024-07-29T05:35:12.414678626Z,eui-a8610a343237920e,8.5,7.7,0.9,81,,,,,
2024-07-29T05:52:54.14463822Z,eui-a8610a343237920e,8.5,7.7,0.9,81,,,,,
2024-07-29T05:56:44.215485853Z,eui-a8610a343237920e,8.5,7.7,0.9,81,,,,,
2024-07-29T06:09:15.06784375Z,eui-a8610a343237920e,8.5,7.6,0.8,81,,,,,
2024-07-29T06:15:13.990060212Z,eui-a8610a343237920e,8.5,7.6,0.8,81,,,,,
2024-07-29T06:29:15.370755705Z,eui-a8610a343237920e,8.5,7.6,0.7,81,,,,,
2024-07-29T06:35:14.306356557Z,eui-a8610a343237920e,8.5,7.6,0.7,81,,,,,
2024-07-29T06:45:14.439686664Z,eui-a8610a343237920e,8.5,7.6,0.7,81,,,,,
2024-07-29T06:59:04.788516942Z,eui-a8610a343237920e,8.5,7.6,0.7,81,,,,,
2024-07-29T07:05:14.683078804Z,eui-a8610a343237920e,8.5,7.6,0.7,81,,,,,
2024-07-29T07:19:15.077877281Z,eui-a8610a343237920e,8.5,7.6,0.6,81,,,,,
2024-07-29T07:45:15.888537896Z,eui-a8610a343237920e,8.5,8.7,3.3,81,,,,,
2024-07-29T07:59:07.071178902Z,eui-a8610a343237920e,8.5,9.1,3.6,81,,,,,
2024-07-29T08:05:16.729147505Z,eui-a8610a343237920e,8.5,9.4,3.9,81,,,,,
2024-07-29T08:22:57.036112589Z,eui-a8610a343237920e,8.5,9.7,4.1,81,,,,,
2024-07-29T08:49:18.209541904Z,eui-a8610a343237920e,8.5,10.6,4.8,81,,,,,
2024-07-29T09:15:17.065567219Z,eui-a8610a343237920e,8.5,11,4.3,81,,,,,
2024-07-29T09:25:17.850189009Z,eui-a8610a343237920e,8.5,10.6,3.4,81,,,,,
2024-07-29T09:39:18.864980995Z,eui-a8610a343237920e,7.7,10.2,3,50,,,,,
2024-07-29T09:52:57.909219664Z,eui-a8610a343237920e,7.7,9.9,2.6,50,,,,,
2024-07-29T10:15:29.104732094Z,eui-a8610a343237920e,7.7,9.4,2.1,50,,,,,
2024-07-29T10:32:58.529307243Z,eui-a8610a343237920e,7.7,9.3,2,50,,,,,
2024-07-29T10:36:48.699630938Z,eui-a8610a343237920e,7.7,9.2,1.9,50,,,,,
2024-07-29T10:49:08.289219957Z,eui-a8610a343237920e,7.7,9.1,1.9,50,,,,,
2024-07-29T10:59:20.274476167Z,eui-a8610a343237920e,7.7,9,1.8,50,,,,,
2024-07-29T11:05:28.00618946Z,eui-a8610a343237920e,7.7,9,1.7,50,,,,,
2024-07-29T11:22:58.465855379Z,eui-a8610a343237920e,7.7,8.9,1.7,50,,,,,
2024-07-29T11:26:48.623754705Z,eui-a8610a343237920e,7.7,8.9,1.7,50,,,,,
2024-07-29T11:42:58.489124104Z,eui-a8610a343237920e,7.7,8.8,1.6,50,,,,,
2024-07-29T11:50:38.870867457Z,eui-a8610a343237920e,7.7,8.8,1.5,50,,,,,
2024-07-29T11:59:08.355033026Z,eui-a8610a343237920e,7.7,8.8,1.5,50,,,,,
2024-07-29T12:05:18.17071221Z,eui-a8610a343237920e,7.7,8.7,1.5,50,,,,,
2024-07-29T12:19:08.454397772Z,eui-a8610a343237920e,7.7,8.7,1.4,50,,,,,
2024-07-29T12:32:58.687744657Z,eui-a8610a343237920e,7.7,8.7,1.4,50,,,,,
2024-07-29T12:55:19.305216101Z,eui-a8610a343237920e,7.7,8.6,1.3,50,,,,,
2024-07-29T13:33:14.024359088Z,eui-a8610a343237920e,7.7,8.6,1.2,50,,,,,
2024-07-29T13:48:34.854271901Z,eui-a8610a343237920e,7.7,8.6,1.2,50,,,,,
2024-07-29T15:03:10.905863291Z,eui-a8610a343237920e,7.7,8.4,1,50,,,,,
2024-07-29T15:07:01.087584877Z,eui-a8610a343237920e,7.7,8.4,1,50,,,,,
2024-07-29T16:45:41.36969796Z,eui-a8610a343237920e,13.7,11.9,7.2,99.5,,,,,
2024-07-29T17:07:11.727027779Z,eui-a8610a343237920e,11.8,13.7,6.1,70.5,8,,,,
2024-07-29T17:15:41.481618975Z,eui-a8610a343237920e,12.1,13.8,5.9,69.5,,,,,
2024-07-29T17:25:51.94324976Z,eui-a8610a343237920e,15.1,16.7,8.6,88.5,9,,,,
2024-07-29T17:35:40.385166557Z,eui-a8610a343237920e,13,16.1,6.1,75,20,,,,
2024-07-29T17:45:40.950679254Z,eui-a8610a343237920e,13,14.2,4.8,75,,,,,
2024-07-29T17:55:40.633890287Z,eui-a8610a343237920e,10.6,13.9,4.8,65,4,,0.2,,
2024-07-29T18:15:40.985015522Z,eui-a8610a343237920e,10.6,13.4,4.2,72.5,11,,1.1,,
2024-07-29T18:35:41.307518522Z,eui-a8610a343237920e,10.6,12.1,3.7,72.5,,,,,
2024-07-29T18:55:41.855159884Z,eui-a8610a343237920e,10.6,11.6,3.4,72.5,,,,,
2024-07-29T19:15:42.36882007Z,eui-a8610a343237920e,9.4,11.4,3.3,77.5,,,,,
2024-07-29T19:25:41.600787231Z,eui-a8610a343237920e,9.4,11.2,3.3,77.5,,,,,
2024-07-29T19:36:24.661503631Z,eui-a8610a343237920e,9.9,12.4,4.3,85,10,,,,
2024-07-29T19:45:43.959724624Z,eui-a8610a343237920e,9.5,11.8,3.6,76.5,,,,,
2024-07-29T19:55:54.785079593Z,eui-a8610a343237920e,9.5,11.5,3.5,76.5,,,,,
2024-07-29T20:15:43.252698927Z,eui-a8610a343237920e,9.7,11.6,3.6,78,,,,,
2024-07-29T20:25:44.231004286Z,eui-a8610a343237920e,9.7,11.5,3.5,78,,,,,
2024-07-29T20:35:44.047292469Z,eui-a8610a343237920e,9.7,11.3,3.4,78,,,,,
2024-07-29T20:55:43.771951565Z,eui-a8610a343237920e,9.7,11.1,3.3,78,,,,,
2024-07-29T21:05:44.616519897Z,eui-a8610a343237920e,9.7,11,3.3,78,,,,,
2024-07-29T21:15:44.605586333Z,eui-a8610a343237920e,9.7,10.9,3.2,78,,,,,
2024-07-29T21:35:44.127983444Z,eui-a8610a343237920e,9.7,10.7,3.1,78,,,,,
2024-07-29T21:45:45.093293153Z,eui-a8610a343237920e,9.7,10.6,3.1,78,,,,,
2024-07-29T21:55:44.988206969Z,eui-a8610a343237920e,11.4,13.6,5.1,99.5,14,,,,
2024-07-29T22:05:55.630896407Z,eui-a8610a343237920e,11.1,13.7,5.8,77.5,23,,,,
2024-07-29T22:25:44.671127342Z,eui-a8610a343237920e,11.7,13.2,6,71.5,,,,,
2024-07-29T22:35:45.500961127Z,eui-a8610a343237920e,11.7,12.7,5.1,71.5,,,,,
2024-07-29T22:45:44.999554858Z,eui-a8610a343237920e,11.7,12.3,4.5,71.5,,,,,
2024-07-29T22:55:44.789785064Z,eui-a8610a343237920e,11.7,11.9,4.2,71.5,,,,,
2024-07-29T23:05:44.496391724Z,eui-a8610a343237920e,11.7,11.6,4,71.5,,,,,
2024-07-29T23:15:44.339719494Z,eui-a8610a343237920e,11.7,11.3,3.8,71.5,,,,,
2024-07-29T23:35:43.855998355Z,eui-a8610a343237920e,11.7,10.9,3.6,71.5,,,,,
2024-07-29T23:55:44.491570651Z,eui-a8610a343237920e,11.7,10.7,3.3,71.5,,,,,
2024-07-30T00:15:45.095468948Z,eui-a8610a343237920e,8.8,10.9,3.2,72.5,,,,,
2024-07-30T00:25:45.867122859Z,eui-a8610a343237920e,8.8,10.7,3.1,72.5,,,,,
2024-07-30T00:35:45.769319008Z,eui-a8610a343237920e,8.8,10.5,3,72.5,,,,,
2024-07-30T00:45:45.565742974Z,eui-a8610a343237920e,8.8,10.4,3,72.5,,,,,
2024-07-30T00:55:45.526992154Z,eui-a8610a343237920e,8.8,10.3,2.9,72.5,,,,,
2024-07-30T01:05:45.232416855Z,eui-a8610a343237920e,8.8,10.2,2.8,72.5,,,,,
2024-07-30T01:15:43.324740885Z,eui-a8610a343237920e,8.8,10.1,2.7,72.5,,,,,
2024-07-30T01:25:43.280799063Z,eui-a8610a343237920e,8.8,10,2.7,72.5,,,,,
2024-07-30T01:35:43.159303657Z,eui-a8610a343237920e,8.8,9.9,2.5,72.5,,,,,
2024-07-30T01:45:43.057638728Z,eui-a8610a343237920e,8.8,9.8,2.5,72.5,,,,,
2024-07-30T01:55:52.012482285Z,eui-a8610a343237920e,8.8,9.8,2.4,72.5,,,,,
2024-07-30T02:06:26.180129621Z,eui-a8610a343237920e,8.8,9.7,2.4,72.5,,,,,
2024-07-30T02:25:46.63690562Z,eui-a8610a343237920e,8.8,9.6,2.3,72.5,,,,,
2024-07-30T02:35:47.815105796Z,eui-a8610a343237920e,8.8,9.5,2.2,72.5,,,,,
2024-07-30T02:45:47.719586019Z,eui-a8610a343237920e,9.8,12.5,3.9,99.5,46,,,,
2024-07-30T02:55:47.42439876Z,eui-a8610a343237920e,8,11.4,3,69,,,,,
2024-07-30T03:05:48.373760622Z,eui-a8610a343237920e,8,10.7,2.8,69,,,,,
2024-07-30T03:15:48.282148556Z,eui-a8610a343237920e,8,10.3,2.6,69,,,,,
2024-07-30T03:25:48.09725123Z,eui-a8610a343237920e,8,10.1,2.5,69,,,,,
2024-07-30T03:45:48.807541043Z,eui-a8610a343237920e,6.8,9.8,2.3,45,,,,,
2024-07-30T03:55:49.819092124Z,eui-a8610a343237920e,6.8,9.6,2.3,45,,,,,
2024-07-30T04:05:49.803801283Z,eui-a8610a343237920e,6.8,9.5,2.2,45,,,,,
2024-07-30T04:15:49.795624245Z,eui-a8610a343237920e,6.8,9.4,2.1,45,,,,,
2024-07-30T04:25:49.837868192Z,eui-a8610a343237920e,6.8,9.4,2.1,45,,,,,
2024-07-30T04:45:50.764715958Z,eui-a8610a343237920e,6.8,9.2,1.9,45,,,,,
2024-07-30T04:55:50.798940627Z,eui-a8610a343237920e,6.8,9.1,1.9,45,,,,,
2024-07-30T05:05:50.699305353Z,eui-a8610a343237920e,6.8,9.1,1.8,45,,,,,
2024-07-30T05:25:52.763015164Z,eui-a8610a343237920e,6.8,9,2.1,45,,,,,
2024-07-30T05:45:54.496162947Z,eui-a8610a343237920e,7.9,9.7,4,57,,,,,
2024-07-30T05:55:55.516330409Z,eui-a8610a343237920e,7.9,10,4.3,57,,,,,
2024-07-30T06:15:56.047421343Z,eui-a8610a343237920e,7.9,10.5,4.8,57,,,,,
2024-07-30T06:35:57.568593126Z,eui-a8610a343237920e,7.9,11.1,5.3,57,,,,,
2024-07-30T06:55:58.893442287Z,eui-a8610a343237920e,7.9,11.6,5.7,57,,,,,
2024-07-30T07:15:59.104318882Z,eui-a8610a343237920e,7.9,11.5,4.8,57,,,,,
2024-07-30T07:35:59.603651416Z,eui-a8610a343237920e,7.9,10.8,3.6,57,,,,,
2024-07-30T07:50:02.750977043Z,eui-a8610a343237920e,7.9,10.5,3.3,57,,,,,
2024-07-30T08:06:01.115604611Z,eui-a8610a343237920e,7.9,10.1,3,57,,,,,
2024-07-30T08:16:02.135136011Z,eui-a8610a343237920e,7.9,10,2.8,57,,,,,
2024-07-30T08:26:02.107045564Z,eui-a8610a343237920e,7.9,9.9,2.7,57,,,,,
2024-07-30T08:46:02.939191554Z,eui-a8610a343237920e,7.9,9.7,2.5,57,,,,,
2024-07-30T08:56:11.840605461Z,eui-a8610a343237920e,7.9,9.7,2.5,57,,,,,
2024-07-30T09:16:04.752346477Z,eui-a8610a343237920e,7.9,9.6,2.3,57,,,,,
2024-07-30T09:26:05.847307681Z,eui-a8610a343237920e,7.9,9.6,2.3,57,,,,,
2024-07-30T09:46:17.601242085Z,eui-a8610a343237920e,7.9,9.6,2.3,57,,,,,
2024-07-30T09:56:06.522401148Z,eui-a8610a343237920e,7.9,9.6,2.2,57,,,,,
2024-07-30T10:06:17.513536636Z,eui-a8610a343237920e,7.9,9.6,2.2,57,,,,,
2024-07-30T10:16:06.539470866Z,eui-a8610a343237920e,7.9,9.6,2.2,57,,,,,
2024-07-30T10:26:06.446969416Z,eui-a8610a343237920e,7.9,9.6,2.2,57,,,,,
2024-07-30T10:36:06.396795849Z,eui-a8610a343237920e,7.7,10.2,2.3,74,5,,,,
2024-07-30T10:46:16.373087583Z,eui-a8610a343237920e,7.7,10,2.3,74,,,,,
2024-07-30T11:06:08.358548354Z,eui-a8610a343237920e,7.7,9.8,2.2,74,,,,,
2024-07-30T11:26:10.151055788Z,eui-a8610a343237920e,7.7,9.7,2.1,74,,,,,
2024-07-30T11:36:11.181198856Z,eui-a8610a343237920e,7.7,9.7,2.1,74,,,,,
2024-07-30T11:56:11.921623683Z,eui-a8610a343237920e,7.7,9.7,2.1,74,,,,,
2024-07-30T12:20:03.931928629Z,eui-a8610a343237920e,7.7,9.6,2,74,,,,,
2024-07-30T12:26:13.65663521Z,eui-a8610a343237920e,12.3,14.9,5.4,99,32,,,,
2024-07-30T12:36:13.289754941Z,eui-a8610a343237920e,9.3,13,3.7,69.5,,,,,
2024-07-30T12:56:14.75633092Z,eui-a8610a343237920e,9.1,11.4,3,66.5,,,,,
2024-07-30T13:10:05.822338016Z,eui-a8610a343237920e,9.1,11.1,2.9,66.5,,,,,
2024-07-30T13:20:05.607216955Z,eui-a8610a343237920e,9.1,10.8,2.8,66.5,,,,,
2024-07-30T13:46:16.080284499Z,eui-a8610a343237920e,9.1,10.4,2.7,66.5,,,,,
2024-07-30T14:00:07.289869191Z,eui-a8610a343237920e,9.1,10.3,2.7,66.5,,,,,
2024-07-30T14:26:17.665511184Z,eui-a8610a343237920e,9.1,10.8,4.3,66.5,,,,,
2024-07-30T14:36:18.576353603Z,eui-a8610a343237920e,9.1,11.1,4.8,66.5,,,,,
2024-07-30T14:56:19.016461261Z,eui-a8610a343237920e,9.1,11.7,5.3,66.5,,,,,
2024-07-30T15:26:32.080253079Z,eui-a8610a343237920e,9.1,12.6,6.1,66.5,,,,,
2024-07-30T16:37:52.76685507Z,eui-a8610a343237920e,11.8,13.5,5.4,67,,,,,
2024-07-30T16:57:54.001662777Z,eui-a8610a343237920e,11.8,12.3,4.7,67,,,,,
2024-07-30T17:38:06.165410375Z,eui-a8610a343237920e,10.3,13.3,5.9,94,7,,,,
2024-07-30T17:46:25.838706676Z,eui-a8610a343237920e,9.4,12.2,5.7,70,,,,,
2024-07-30T18:04:18.046921355Z,eui-a8610a343237920e,9.5,12.7,5.8,70.5,4,,,,
2024-07-30T18:07:56.146870223Z,eui-a8610a343237920e,9.5,12.1,5.6,70.5,,,,,
2024-07-30T18:16:27.048660871Z,eui-a8610a343237920e,9.5,11.9,5.4,70.5,,,,,
2024-07-30T18:26:26.897866576Z,eui-a8610a343237920e,9.5,11.7,5.2,70.5,,,,,
2024-07-30T18:36:36.73609991Z,eui-a8610a343237920e,9.5,11.5,5,70.5,,,,,
2024-07-30T18:46:27.511297658Z,eui-a8610a343237920e,9.5,11.3,4.8,70.5,,,,,
2024-07-30T18:56:36.338438575Z,eui-a8610a343237920e,9.5,11.1,4.7,70.5,,,,,
2024-07-30T19:06:27.150979378Z,eui-a8610a343237920e,9.5,11,4.6,70.5,,,,,
2024-07-30T19:16:28.090867477Z,eui-a8610a343237920e,9.5,10.8,4.4,70.5,,,,,
2024-07-30T19:26:29.001991478Z,eui-a8610a343237920e,9.5,10.7,4.3,70.5,,,,,
2024-07-30T19:36:38.908668648Z,eui-a8610a343237920e,9.5,10.5,4.1,70.5,,,,,
2024-07-30T19:46:30.843337903Z,eui-a8610a343237920e,9.5,10.4,4,70.5,,,,,
2024-07-30T19:56:31.780331321Z,eui-a8610a343237920e,9.5,10.3,3.9,70.5,,,,,
2024-07-30T20:06:32.698237109Z,eui-a8610a343237920e,9.5,10.2,3.8,70.5,,,,,
2024-07-30T20:16:43.658307868Z,eui-a8610a343237920e,9.5,10.1,3.7,70.5,,,,,
2024-07-30T20:26:43.575010939Z,eui-a8610a343237920e,9.5,9.9,3.6,70.5,,,,,
2024-07-30T20:36:34.508206936Z,eui-a8610a343237920e,7.8,10.7,3.9,68.5,8,,,,
2024-07-30T20:46:34.444868863Z,eui-a8610a343237920e,10.3,13,5.5,99.5,34,,,,
2024-07-30T20:57:06.497853278Z,eui-a8610a343237920e,8.4,11.8,4.4,68.5,,,,,
2024-07-30T21:06:35.136523968Z,eui-a8610a343237920e,8.6,12.2,4.4,68,7,,,,
2024-07-30T21:16:36.050835974Z,eui-a8610a343237920e,8.6,10.9,4.2,68,,,,,
2024-07-30T21:26:36.97634478Z,eui-a8610a343237920e,8.6,10.6,4,68,,,,,
2024-07-30T21:36:37.915999376Z,eui-a8610a343237920e,8.6,10.3,3.8,68,,,,,
2024-07-30T21:47:10.095467587Z,eui-a8610a343237920e,8.6,10.2,3.7,68,,,,,
2024-07-30T21:56:49.163895844Z,eui-a8610a343237920e,8.6,10,3.6,68,,,,,
2024-07-30T22:06:41.189531069Z,eui-a8610a343237920e,8.6,9.9,3.5,68,,,,,
2024-07-30T22:16:42.188307603Z,eui-a8610a343237920e,8.6,9.7,3.4,68,,,,,
2024-07-30T22:26:52.189586118Z,eui-a8610a343237920e,8.6,9.6,3.3,68,,,,,
2024-07-30T22:36:44.165093803Z,eui-a8610a343237920e,8.6,9.5,3.3,68,,,,,
2024-07-30T22:46:45.235592199Z,eui-a8610a343237920e,8.6,9.7,3.9,68,,,,,
2024-07-30T22:56:46.182219394Z,eui-a8610a343237920e,8.6,10.1,5,68,,,,,
2024-07-30T23:06:47.066837917Z,eui-a8610a343237920e,8.6,10.5,5.5,68,,,,,
2024-07-30T23:16:47.938613632Z,eui-a8610a343237920e,8.6,10.8,5.9,68,,,,,
2024-07-30T23:26:48.700067011Z,eui-a8610a343237920e,8.6,11.1,6.2,68,,,,,
2024-07-30T23:36:49.432582228Z,eui-a8610a343237920e,8.6,11.4,6.6,68,,,,,
2024-07-30T23:46:59.128292091Z,eui-a8610a343237920e,8.6,11.7,7,68,,,,,
2024-07-30T23:56:50.710880289Z,eui-a8610a343237920e,8.6,12,7.3,68,,,,,
2024-07-31T00:06:50.374756427Z,eui-a8610a343237920e,10.1,12.6,6.6,73.5,5,,,,
2024-07-31T00:16:50.986260865Z,eui-a8610a343237920e,9.9,11.8,5.6,70.5,,,,,
2024-07-31T00:26:51.703353279Z,eui-a8610a343237920e,9.9,11.3,5,70.5,,,,,
2024-07-31T00:36:52.47114619Z,eui-a8610a343237920e,9.9,10.9,4.6,70.5,,,,,
2024-07-31T00:46:53.056689841Z,eui-a8610a343237920e,9.9,10.6,4.3,70.5,,,,,
2024-07-31T00:56:53.888112412Z,eui-a8610a343237920e,9.9,10.3,4,70.5,,,,,
2024-07-31T01:07:03.789352409Z,eui-a8610a343237920e,9.9,10.1,3.7,70.5,,,,,
2024-07-31T01:16:55.682896431Z,eui-a8610a343237920e,9.9,9.8,3.5,70.5,,,,,
2024-07-31T01:26:56.66596869Z,eui-a8610a343237920e,9.9,9.6,3.3,70.5,,,,,
2024-07-31T01:36:57.584461419Z,eui-a8610a343237920e,9.9,9.5,3.2,70.5,,,,,
2024-07-31T01:46:58.545789421Z,eui-a8610a343237920e,9.9,9.3,3.1,70.5,,,,,
2024-07-31T01:58:29.042207966Z,eui-a8610a343237920e,9.9,9.2,2.9,70.5,,,,,
2024-07-31T02:07:00.858132898Z,eui-a8610a343237920e,9.9,9.1,2.8,70.5,,,,,
2024-07-31T02:17:01.956937954Z,eui-a8610a343237920e,9.9,9,2.7,70.5,,,,,
2024-07-31T02:27:02.971492896Z,eui-a8610a343237920e,9.9,8.8,2.6,70.5,,,,,
2024-07-31T02:37:03.623408845Z,eui-a8610a343237920e,9.9,8.7,2.5,70.5,,,,,
2024-07-31T02:47:04.711291216Z,eui-a8610a343237920e,9.9,8.7,2.4,70.5,,,,,
2024-07-31T02:58:52.396259321Z,eui-a8610a343237920e,9.9,8.6,2.3,70.5,,,,,
2024-07-31T03:07:07.870061201Z,eui-a8610a343237920e,9.9,8.5,2.2,70.5,,,,,
2024-07-31T03:23:14.605361779Z,eui-a8610a343237920e,9.9,8.4,2.2,70.5,,,,,
2024-07-31T03:27:11.172953496Z,eui-a8610a343237920e,9.9,8.4,2.1,70.5,,,,,
2024-07-31T03:37:12.314349726Z,eui-a8610a343237920e,9.9,8.3,2,70.5,,,,,
2024-07-31T03:47:13.523603667Z,eui-a8610a343237920e,9.9,8.3,2,70.5,,,,,
2024-07-31T04:07:26.578831916Z,eui-a8610a343237920e,9.9,8.2,1.8,70.5,,,,,
2024-07-31T04:17:16.75507333Z,eui-a8610a343237920e,9.9,8.2,1.8,70.5,,,,,
2024-07-31T04:37:18.927596165Z,eui-a8610a343237920e,9.9,8,1.7,70.5,,,,,
2024-07-31T04:57:20.96544382Z,eui-a8610a343237920e,9.9,7.9,1.5,70.5,,,,,
2024-07-31T05:07:32.208287907Z,eui-a8610a343237920e,9.9,7.8,1.4,70.5,,,,,
2024-07-31T05:38:55.001796764Z,eui-a8610a343237920e,9.9,7.6,1.3,70.5,,,,,
2024-07-31T05:47:26.525414675Z,eui-a8610a343237920e,9.9,7.5,1.2,70.5,,,,,
2024-07-31T05:57:39.881159884Z,eui-a8610a343237920e,9.9,7.4,1.1,70.5,,,,,
2024-07-31T06:17:30.145303376Z,eui-a8610a343237920e,9.9,7.2,1,70.5,,,,,
2024-07-31T06:37:32.447954532Z,eui-a8610a343237920e,9.9,7.1,0.9,70.5,,,,,
2024-07-31T06:57:45.705310981Z,eui-a8610a343237920e,9.9,7,0.8,70.5,,,,,
2024-07-31T07:17:36.924864039Z,eui-a8610a343237920e,9.9,7.7,2.9,70.5,,,,,
2024-07-31T07:37:50.886804601Z,eui-a8610a343237920e,9.9,8.7,4.2,70.5,,,,,
2024-07-31T08:01:30.727493793Z,eui-a8610a343237920e,9.9,9.4,4.9,70.5,,,,,
2024-07-31T08:17:52.056591601Z,eui-a8610a343237920e,9.9,10.1,5.5,70.5,,,,,
2024-07-31T09:07:45.969347894Z,eui-a8610a343237920e,9.9,9.5,3.2,70.5,,,,,
2024-07-31T09:31:37.967964681Z,eui-a8610a343237920e,9.9,9,2.6,70.5,,,,,
2024-07-31T09:37:58.971240818Z,eui-a8610a343237920e,9.9,8.8,2.4,70.5,,,,,
2024-07-31T09:57:49.804414494Z,eui-a8610a343237920e,6.6,9.2,2.5,74.5,4,,0.1,,
2024-07-31T10:07:50.864642714Z,eui-a8610a343237920e,6.6,8.8,2.3,74.5,,,,,
2024-07-31T10:18:01.901056714Z,eui-a8610a343237920e,6.6,8.6,2.1,74.5,,,,,
2024-07-31T10:27:52.026648424Z,eui-a8610a343237920e,6.6,8.5,2,74.5,,,,,
2024-07-31T10:37:53.199618273Z,eui-a8610a343237920e,6.6,8.4,1.9,74.5,,,,,
2024-07-31T10:47:54.335234094Z,eui-a8610a343237920e,6.6,8.3,1.9,74.5,,,,,
2024-07-31T10:58:04.469215495Z,eui-a8610a343237920e,6.6,8.2,1.8,74.5,,,,,
2024-07-31T11:10:01.063903036Z,eui-a8610a343237920e,6.6,8.1,1.7,74.5,,,,,
2024-07-31T11:18:06.758169469Z,eui-a8610a343237920e,6.6,8.1,1.7,74.5,,,,,
2024-07-31T11:27:58.897975124Z,eui-a8610a343237920e,6.6,8,1.6,74.5,,,,,
2024-07-31T11:37:59.988833886Z,eui-a8610a343237920e,6.6,8,1.6,74.5,,,,,
2024-07-31T11:48:10.106155094Z,eui-a8610a343237920e,6.6,8,1.6,74.5,,,,,
2024-07-31T11:58:12.218951562Z,eui-a8610a343237920e,6.6,7.9,1.6,74.5,,,,,
2024-07-31T12:18:00.515731331Z,eui-a8610a343237920e,6.6,7.9,1.5,74.5,,,,,
2024-07-31T12:35:47.020018607Z,eui-a8610a343237920e,6.6,7.8,1.4,74.5,,,,,
2024-07-31T12:39:37.191594854Z,eui-a8610a343237920e,6.6,7.8,1.4,74.5,,,,,
2024-07-31T12:48:19.815834336Z,eui-a8610a343237920e,6.6,7.8,1.4,74.5,,,,,
2024-07-31T12:58:09.95410958Z,eui-a8610a343237920e,6.6,7.7,1.3,74.5,,,,,
2024-07-31T13:12:11.317619406Z,eui-a8610a343237920e,6.6,7.7,1.3,74.5,,,,,
2024-07-31T13:29:48.322668486Z,eui-a8610a343237920e,6.6,8.3,3,74.5,,,,,
2024-07-31T13:49:44.708720983Z,eui-a8610a343237920e,6.6,9.6,4.7,74.5,,,,,
2024-07-31T13:58:15.730253413Z,eui-a8610a343237920e,6.6,10.6,5.5,74.5,,,,,
2024-07-31T14:08:16.557730514Z,eui-a8610a343237920e,6.6,11,5.9,74.5,,,,,
2024-07-31T14:39:48.670054382Z,eui-a8610a343237920e,6.6,10.6,4.4,74.5,,,,,
2024-07-31T14:59:50.351774816Z,eui-a8610a343237920e,6.6,10,3.5,74.5,,,,,
2024-07-31T15:56:17.520694671Z,eui-a8610a343237920e,6.6,9.2,2.6,74.5,,,,,
2024-07-31T15:59:55.728730008Z,eui-a8610a343237920e,8.2,12.1,3.8,91,7,,,,
2024-07-31T16:10:29.19809416Z,eui-a8610a343237920e,7.5,10.3,3.2,68,,,,,
2024-07-31T16:18:26.787928346Z,eui-a8610a343237920e,7.5,9.9,3,68,,,,,
2024-07-31T16:28:27.874260266Z,eui-a8610a343237920e,7.5,9.6,2.9,68,,,,,
2024-07-31T16:48:40.63158976Z,eui-a8610a343237920e,7.5,9.2,2.6,68,,,,,
2024-07-31T17:02:20.860198522Z,eui-a8610a343237920e,7.5,9.1,2.5,68,,,,,
2024-07-31T17:32:34.930940499Z,eui-a8610a343237920e,7.5,8.8,2.3,68,,,,,
2024-07-31T17:38:45.783600105Z,eui-a8610a343237920e,7.5,8.7,2.2,68,,,,,
2024-07-31T17:56:16.28842313Z,eui-a8610a343237920e,7.5,8.7,2.2,68,,,,,
2024-07-31T18:00:06.478934482Z,eui-a8610a343237920e,7.5,8.6,2.1,68,,,,,
2024-07-31T18:48:42.077371879Z,eui-a8610a343237920e,7.5,8.3,1.8,68,,,,,
2024-07-31T19:08:44.089670167Z,eui-a8610a343237920e,7.5,8.2,1.7,68,,,,,
2024-07-31T20:06:29.948415276Z,eui-a8610a343237920e,7.5,8,1.5,68,,,,,
2024-07-31T20:14:10.362140433Z,eui-a8610a343237920e,7.5,7.9,1.5,68,,,,,
2024-07-31T20:26:32.310652726Z,eui-a8610a343237920e,7.5,7.9,1.4,68,,,,,
2024-07-31T20:52:54.651316709Z,eui-a8610a343237920e,8.8,12,5.6,79.5,,,,,
2024-07-31T21:12:55.998282856Z,eui-a8610a343237920e,8.9,11.9,5.6,75,3,,,,
2024-07-31T21:59:07.045305515Z,eui-a8610a343237920e,13.7,15,9.5,94,39,,,,
2024-07-31T22:08:56.478221406Z,eui-a8610a343237920e,11.6,14.1,8,74.5,,,,,
2024-07-31T22:38:57.202855686Z,eui-a8610a343237920e,11.1,12.2,5.9,71.5,,,,,
2024-07-31T22:49:07.950071477Z,eui-a8610a343237920e,11.1,11.9,5.7,71.5,,,,,
2024-07-31T23:09:09.354644189Z,eui-a8610a343237920e,11.1,11.4,5.2,71.5,,,,,
2024-07-31T23:19:09.060969182Z,eui-a8610a343237920e,11.1,11.2,5.1,71.5,,,,,
2024-07-31T23:28:57.852117971Z,eui-a8610a343237920e,11.1,11,4.9,71.5,,,,,
2024-07-31T23:38:57.604601053Z,eui-a8610a343237920e,11.1,10.8,4.8,71.5,,,,,
2024-07-31T23:49:07.424684749Z,eui-a8610a343237920e,11.1,10.7,4.6,71.5,,,,,
2024-07-31T23:59:07.174484948Z,eui-a8610a343237920e,11.1,10.5,4.5,71.5,,,,,
2024-08-01T00:08:56.97445278Z,eui-a8610a343237920e,11.1,10.4,4.3,71.5,,,,,
2024-08-01T00:18:56.839584944Z,eui-a8610a343237920e,11.1,10.3,4.2,71.5,,,,,
2024-08-01T00:29:06.707634417Z,eui-a8610a343237920e,11.1,10.1,4.1,71.5,,,,,
2024-08-01T00:38:56.554910563Z,eui-a8610a343237920e,11.1,10,4,71.5,,,,,
2024-08-01T00:48:56.469722868Z,eui-a8610a343237920e,11.1,9.9,3.9,71.5,,,,,
2024-08-01T01:05:02.99365946Z,eui-a8610a343237920e,11.1,9.8,3.7,71.5,,,,,
2024-08-01T01:12:47.570314233Z,eui-a8610a343237920e,11.1,9.7,3.7,71.5,,,,,
2024-08-01T01:18:57.283047041Z,eui-a8610a343237920e,11.1,9.6,3.5,71.5,,,,,
2024-08-01T01:28:57.257795964Z,eui-a8610a343237920e,11.1,9.5,3.4,71.5,,,,,
2024-08-01T01:39:09.265632973Z,eui-a8610a343237920e,11.1,9.4,3.3,71.5,,,,,
2024-08-01T01:52:47.473106232Z,eui-a8610a343237920e,11.1,9.3,3.2,71.5,,,,,
2024-08-01T01:59:08.236849731Z,eui-a8610a343237920e,11.1,9.2,3.2,71.5,,,,,
2024-08-01T02:12:47.462474627Z,eui-a8610a343237920e,11.1,9.1,3.1,71.5,,,,,
2024-08-01T02:18:57.219452854Z,eui-a8610a343237920e,11.1,9,3,71.5,,,,,
2024-08-01T02:28:57.281492881Z,eui-a8610a343237920e,11.1,8.9,2.9,71.5,,,,,
2024-08-01T02:38:57.194096751Z,eui-a8610a343237920e,11.1,8.9,2.8,71.5,,,,,
2024-08-01T02:52:58.417696791Z,eui-a8610a343237920e,11.1,8.8,2.8,71.5,,,,,
2024-08-01T03:02:47.428807177Z,eui-a8610a343237920e,11.1,8.7,2.6,71.5,,,,,
2024-08-01T03:12:47.423602856Z,eui-a8610a343237920e,11.1,8.6,2.6,71.5,,,,,
2024-08-01T03:18:57.240615262Z,eui-a8610a343237920e,11.1,8.6,2.5,71.5,,,,,
2024-08-01T03:29:08.286932174Z,eui-a8610a343237920e,11.1,8.5,2.4,71.5,,,,,
2024-08-01T03:38:57.342461871Z,eui-a8610a343237920e,7.5,9.9,3.3,88,9,,,,
2024-08-01T03:48:57.35151311Z,eui-a8610a343237920e,6.4,8.9,2.5,71.5,,,,,
2024-08-01T03:58:58.405731388Z,eui-a8610a343237920e,6.4,8.6,2.3,71.5,,,,,
2024-08-01T04:13:00.666963402Z,eui-a8610a343237920e,6.4,8.5,2.3,71.5,,,,,
2024-08-01T04:19:10.484359419Z,eui-a8610a343237920e,6.4,8.4,2.2,71.5,,,,,
2024-08-01T04:29:01.537204251Z,eui-a8610a343237920e,6.4,8.3,2.1,71.5,,,,,
2024-08-01T04:39:02.577639785Z,eui-a8610a343237920e,6.4,8.2,2,71.5,,,,,
